1,(주)형산식품,경상북도 포항시 남구 대송면 대송로 2,
2,(펭귄)종합식품,경상북도 포항시 남구 구룡포읍 병포리 157번지,
3,영일만농수산(주),경상북도 포항시 남구 호미곶면 일출로687번길 30-8,054-284-2580
4,롯데쇼핑(주)롯데마트포항점,"경상북도 포항시 남구 지곡로 237, 1층 (지곡동, 롯데마트내)",
5,(주)푸드사이언스,"경상북도 포항시 남구 연일읍 동해대로 544, 1층",
6,(주)친정애농업회사법인,"경상북도 포항시 남구 효성로15번길 13-5, (효자동)",054-611-5488
7,구룡포수산업협동조합,"경상북도 포항시 남구 구룡포읍 호미로 247, 2층",054-276-1111
8,담은,"경상북도 포항시 남구 오천읍 기림로1729번길 27, 1층",
9,dyeng어연마루,경상북도 포항시 남구 연일읍 철강로107번길 17-6,
10,(주)파트너즈플러스,"경상북도 포항시 남구 양학천로88번길 13-2, 2층 (대도동)",
11,(주)대게이야기,"경상북도 포항시 남구 문예로70번길 23, 1층 29호 (대도동, 형산시장)",
12,꿈바라기,"경상북도 포항시 남구 오천읍 도솔로 17, 1층",
13,명당농원,"경상북도 포항시 남구 새천년대로 409-15, 1층 (대잠동)",
14,(주)미앤누,"경상북도 포항시 남구 포스코대로 437, 4층 (해도동)",
15,주식회사와이피씨푸드,"경상북도 포항시 남구 장기면 동해안로3936번길 72-1, 2층",054-275-2959
16,(주)포아시스,"경상북도 포항시 남구 연일읍 유강길10번길 34-2, 3층",
17,세남자떡볶이,"경상북도 포항시 남구 송림로 79, 1층 (송도동)",
18,(주)갓해물,"경상북도 포항시 남구 동해안로 5896, 1층 (일월동)",
19,농업회사법인(주)수산복해,"경상북도 포항시 남구 연일읍 유강길10번길 27, 3층",
20,굼벵이후니네농장,"경상북도 포항시 남구 운하로36번길 7, 2층 207호 (송도동)",
21,유림건강(주),"경상북도 포항시 남구 오천읍 정몽주로 539, 2층",054-292-8419
22,정화식품(주),경상북도 포항시 북구 청하면 해안로 2415-21,
23,대동식품(주),"경상북도 포항시 북구 칠성로51번길 6-1, (남빈동)",
24,(주)정화식품상사,경상북도 포항시 북구 송라면 해안로 2763,
25,(주)미가원,경상북도 포항시 북구 흥해읍 죽천리 55번지,
26,무한대식품,"경상북도 포항시 북구 죽도시장11길 6-6, (죽도동)",
27,(주)미슬바이오텍,경상북도 포항시 북구 흥해읍 한동로467번길 86-8,054-262-6823
28,(주)송이나라,"경상북도 포항시 북구 삼호로 236, (두호동)",054-247-2955
29,바겐푸드,"경상북도 포항시 북구 대신로7번길 14, (덕수동,(1층))",054-252-9770
30,농업회사법인 주식회사 이도,경상북도 포항시 북구 청하면 청하로151번길 27,054-246-7522
31,감홍원,경상북도 포항시 북구 죽장면 합덕리 312번지,
32,(주)유웰,"경상북도 포항시 북구 대신로 27, (대신동,(지하1층))",054-245-6116
33,(주)헬티온,"경상북도 포항시 북구 흥해읍 한동로 558, 408호 (한동대학교 창업보육센타 )",
34,맘씨레,"경상북도 포항시 북구 중흥로171번길 12, 1층 (죽도동)",
35,주식회사 새암,"경상북도 포항시 북구 새천년대로 1298-7, 4층 (장성동)",054-274-7080
36,죽도형제종합유통,"경상북도 포항시 북구 죽도시장11길 4-3, 1층 (죽도동)",054-247-9117
37,(주)미승에프엔디,"경상북도 포항시 북구 대해로 60, 4층 406, 407호 (죽도동)",
38,세풍상사,"경상북도 포항시 북구 창흥로36번길 36, 1층 (창포동)",
39,아엠푸드,"경상북도 포항시 북구 기계면 기계로 586, 1층",
40,포항수협월포가공공장,"경상북도 포항시 북구 청하면 해안로 2453, 1층",
41,농업회사법인주식회사죽장연,"경상북도 포항시 북구 죽장면 병보천길863번길 53-23, 1층",
42,지삼유통,"경상북도 포항시 북구 양덕남로8번길 30, 1층 (장성동)",
43,(주)씨트리,"경상북도 포항시 북구 동빈로 24, 2층 (여천동)",
44,(주)청림,"경상북도 포항시 북구 삼호로 143, 태원빌딩 5층 (항구동)",
45,태산농원,경상북도 포항시 북구 죽장면 기북로 1816-21,
46,농업회사법인(주)독도무역,"경상북도 포항시 북구 흥해읍 칠포로 186, 2층",
47,거여글로벌,"경상북도 포항시 북구 기계면 기남길 320, C동 1층",
48,대한불교조계종무심사 활력옻차,경상북도 포항시 북구 신광면 신흥로 342,
49,유림건강(주),"경상북도 포항시 북구 흥해읍 신덕로 60, 포항대학교 창업보육센터 1-105호",054-292-8419
50,불로매농원,"경상북도 포항시 북구 삼호로 471, A동 1층 107호 (환호동)",
51,농업회사법인(주)포항웰빙푸드,"경상북도 포항시 북구 죽장면 면봉산길 104, 사무동 1층",
52,주)오동통상사,"경상북도 경주시 금성로368번길 54, (성건동)",
53,남양유업주식회사 경주공장,"경상북도 경주시 산업로 4443-7, (용강동)",054-776-0511
54,(주)사계절,경상북도 경주시 건천읍 단석로 1777,054-751-8472
55,알천식품,"경상북도 경주시 북성로130번길 12, (성동동)",
56,청애원,경상북도 경주시 내남면 내외로 1930-14,
57,(주)사옹원,경상북도 경주시 안강읍 안현로 511,
58,(주)옥종합식품,경상북도 경주시 서면 대경로 2929-118,054-771-6698
59,용궁식품,"경상북도 경주시 구매1길 45, (시래동)",
60,계영제과,"경상북도 경주시 원효로45번길 13, (성건동)",054-748-2415
61,(주)더안,"경상북도 경주시 원화로 224, (황오동)",
62,주식회사 라한호텔(경주),"경상북도 경주시 보문로 338, (신평동)",054-748-2233
63,(사)신라문화원,"경상북도 경주시 금성로 242, (노서동)",
64,(주)황산인터내셔날,경상북도 경주시 천북면 오야리 0번지 천북지방산업단지내 3B 5-1L,
65,수아산업,경상북도 경주시 강동면 인좌안길 108-7,
66,"천마경주빵,찰보리빵","경상북도 경주시 포석로1092번길 70, (황남동)",
67,왕산농원,"경상북도 경주시 금성로368번길 59, (성건동)",054-777-0767
68,이드코리아,"경상북도 경주시 원효로 91, 4층 (노동동)",
69,천우농원,"경상북도 경주시 천북면 천북로 230-7, 2층",
70,동원식품,경상북도 경주시 천북면 신당소티고개길 54-13,
71,대금버섯,경상북도 경주시 건천읍 방내리 138번지 1호,
72,주식회사 풍원바이오 경주지점,경상북도 경주시 산내면 문복로 1313-7,
73,금성로242,"경상북도 경주시 금성로 242, (노서동)",
74,한백농원,"경상북도 경주시 금성로 308, 4층 (서부동)",
75,주식회사 가바,경상북도 경주시 외동읍 연안1길 60,
76,(주)선들임,"경상북도 경주시 시래둑길 59, (구정동)",
77,이븐 무역,"경상북도 경주시 초당길 39, 2층 201호 (동천동)",
78,경주청년팜샵,경상북도 경주시 양남면 양남로 330,
79,(주)지앤지,경상북도 경주시 현곡면 지곡길 10-21,
80,홍경농장,경상북도 경주시 내남면 고사리길 175-11,
81,(주)협동식품,"경상북도 경주시 초당길 109, (주)협동식품 (동천동)",054-745-9711
82,(주)케이앤에프시,경상북도 경주시 건천읍 용명공단길 173-84,054-753-3339
83,통일곤충동충하초,경상북도 경주시 성건동 411번지 16호,
84,초목식품,"경상북도 경주시 양북면 감은로 53-30, 양북시장 A동 1호",
85,(주)태흥씨푸드,경상북도 경주시 현곡면 구산서원길 25,054-620-0000
86,이솔푸드,경상북도 경주시 건천읍 작원1길 49,
87,천년우리농산물,"경상북도 경주시 내남면 이조중앙길 38-27, 2층",
88,디왈리주식회사,"경상북도 경주시 백률로 75-7, (동천동)",
89,꽃내 체리 팜,"경상북도 경주시 금성로396번길 7, 북동 자 8호 (성건동, 북부상가아파트)",054-748-4110
90,오케이농원,경상북도 김천시 대항면 황악로 1446,
91,티엔지푸드,"경상북도 김천시 부곡길 78, (부곡동)",
92,(주)신성유통,경상북도 김천시 아포읍 한지3길 69,054-472-1850
93,구성농업협동조합,경상북도 김천시 구성면 하강길 43,054-435-5225
94,김천와송영농조합법인,경상북도 김천시 감문면 감문로 1125-6,
95,산할아버지농장,경상북도 김천시 부항면 해인길 36,054-465-7991
96,농업회사법인 주식회사 우준식품,경상북도 김천시 대항면 덕전길 216,
97,경희네와송,"경상북도 김천시 시청로 95, (신음동)",
98,건강딱농장,경상북도 김천시 대항면 덕전길 216,054-434-3255
99,롯데쇼핑(주)롯데마트김천점,"경상북도 김천시 시청로 80, (신음동)",054-429-0800
100,농업회사법인주식회사건양,"경상북도 김천시 아포대로 29, (덕곡동)",054-439-2233
101,애플팜조인,"경상북도 김천시 시청6길 46, (신음동, 삼보타운 상가1동)",
102,후레쉬팩토리,"경상북도 김천시 시청6길 46, (신음동, 삼보타운 상가1동)",
103,주식회사더순수,경상북도 김천시 어모면 산업단지7로 211,
104,주식회사 올림픽새싹,"경상북도 김천시 남면 영남대로 2905, 2동",
105,두메숲골,경상북도 김천시 구성면 복호2길 144,
106,와송품은,"경상북도 김천시 평화순환길 269, (평화동)",054-911-2610
107,솔내음베리,"경상북도 김천시 모암사랑1길 95, (모암동)",
108,안녕. 나의농부,경상북도 김천시 대항면 황악로 1654-2,
109,(주)한울대광동지점,"경상북도 김천시 대보길 46, (대광동)",054-439-1001
110,비타민할배,"경상북도 김천시 음지마길 32-22, (부곡동)",
111,김천황악산호두영농조합법인,"경상북도 김천시 대항면 주례3길 40, (가동, 나동)",054-430-0723
112,장수약용버섯,경상북도 김천시 봉산면 봉산로 580,054-431-3322
113,백마산아로니아,경상북도 김천시 감문면 금곡2길 67-51,
114,시월넛(우리호두),"경상북도 김천시 김천로 248, 105호 (황금동, 한신아파트)",
115,위즈팜,"경상북도 김천시 농소면 벽봉로 1651, A, D동",054-430-8805
116,(주)웰빙,"경상북도 김천시 대항면 덕전길 176, PTL B동",
117,김천참굼벵이농장,"경상북도 김천시 대항면 황학동길 18, 2층",
118,주경태양광귀뚜라미,"경상북도 김천시 문안정길 117-25, 1층 (양천동)",
119,우리굼뱅이농장유통,"경상북도 김천시 조마면 금감로 879, 1층",
120,태촌굼벵이유통,"경상북도 김천시 아포읍 국사길 107-1, 1층",
121,솔찬히맛난자두,경상북도 김천시 구성면 금평길 184-20,
122,팔성수산,"경상북도 김천시 부곡시장길 28, (부곡동)",
123,북안동농협산약가공공장,경상북도 안동시 북후면 북평로 819,
124,천지영농,경상북도 안동시 길안면 길안청송로 214-53,054-822-0777
125,(주)류충현약용버섯,경상북도 안동시 임하면 충효로 2520,
126,남안동농협가공사업소,경상북도 안동시 일직면 구운산길 2,
127,하회마을상황버섯농장,경상북도 안동시 풍산읍 설못2길 96,
128,나눔공동체,경상북도 안동시 남선면 지골길 18,
129,디지엘(D.G.L)유통,"경상북도 안동시 제비원로 82-28, (옥야동)",054-843-7005
130,주)동해유통,경상북도 안동시 임하면 추목로 208,054-823-6100
131,통일식품,"경상북도 안동시 마지1길 24, (수상동)",054-858-7170
132,예원영농벤처,"경상북도 안동시 일직면 경북대로 7613, (외 1필지)",054-859-1600
133,안동골참마,"경상북도 안동시 전거리5길 83, (용상동)",054-843-2562
134,농업회사법인 안동마공식쇼핑몰 주식회사,"경상북도 안동시 퇴계로 219-6, 1층 (안막동)",
135,안동명가,"경상북도 안동시 제비원로 279, (안기동)",
136,(주)안동간고등어식품가공사업부,경상북도 안동시 일직면 조탑본길 168,054-859-0571
137,농업회사법인(주) 한국라이스텍,경상북도 안동시 남후면 농공길 26,054-842-0400
138,안동종가에프씨(주),경상북도 안동시 남후면 농공길 52-9,
139,안동생명의검정콩농업회사법인(주),"경상북도 안동시 경동로 625, (천리동)",
140,(주)탁촌장,"경상북도 안동시 경동로 671, (남부동)",054-857-4466
141,영농법인안동학가산마깍두기김치,경상북도 안동시 북후면 물한길 3,
142,필창농산,경상북도 안동시 풍산읍 괴정안길 56-3,
143,학가산참조은식품,경상북도 안동시 북후면 물한길 3,
144,농업회사법인(주)안동참마,"경상북도 안동시 풍산읍 산업단지길 88, 202호 (경북바이오벤처프라자)",
145,건강밥상,"경상북도 안동시 경북대로 474, (송현동)",
146,(주)바이온,"경상북도 안동시 경동로 1486-18, (송천동)",
147,안동산머루,경상북도 안동시 풍산읍 유곡길 151,
148,이랑농장,경상북도 안동시 길안면 웃장터길 91-38,
149,영농조합법인대산,"경상북도 안동시 강남13길 19, (정상동)",
150,더끌림,경상북도 안동시 길안면 천지길 63,054-822-4563
151,늘해랑농원,경상북도 안동시 태화동 578번지 1호 A 우성APT상가-205,054-855-6778
152,광진농산,"경상북도 안동시 경동로 862, (용상동,용상시장 39호 40호)",054-821-1588
153,농업회사법인주식회사부용농산,"경상북도 안동시 풍천면 하회서원마을길 45, 1층",054-858-2004
154,게으른농부,경상북도 안동시 길안면 충효로 2237,
155,시골홍사과,경상북도 안동시 풍산읍 풍산단호로 133-10,054-7390-5130
156,백세건강농업법인,"경상북도 안동시 평화8길 3, (평화동)",
157,꿀먹은사과농원,"경상북도 안동시 길안면 천지길 36, 1층",
158,오지산골사과,"경상북도 안동시 길안면 천지길 36, 1층",054-822-8158
159,대성허브,"경상북도 안동시 경동로 346, 1층 (송현동)",
160,왕고집농장,경상북도 안동시 일직면 돌고개길 9,
161,수정푸드,"경상북도 안동시 제비원로 279, (안기동)",
162,(주)농업회사법인 예안촌,경상북도 안동시 풍산읍 산업단지5길 38,054-858-6061
163,영농조합법인나눔과섬김,경상북도 안동시 풍산읍 지풍로 1846-8,054-843-0128
164,참조은식품,경상북도 안동시 길안면 송사시장길 29,
165,해원기획,"경상북도 안동시 경동로 511, (태화동)",
166,혜산농원,경상북도 안동시 서후면 서후중앙길 11,
167,안동뿌리채소,"경상북도 안동시 중앙로 87-1, (동문동)",
168,예안근채영농조합법인,경상북도 안동시 풍천면 섬마을2길 145-3,
169,경옥삼보(주)농업회사법인,"경상북도 안동시 덕고개길 9-28, (이천동)",054-856-2350
170,농업회사법인 수주촌(주),"경상북도 안동시 경동로 1486-18, (송천동)",853-9997
171,동안동농협농산물산지유통센터,경상북도 안동시 길안면 웃장터길 15-8,054-822-5501
172,득화농산,"경상북도 안동시 제비원로 82-18, (옥야동)",054-853-7799
173,안동참마국수협동조합,"경상북도 안동시 경동로 1486-18, 301호 (송천동)",
174,안동아로니아사랑,"경상북도 안동시 풍천면 지풍로 1568, 1층",
175,용서리,경상북도 안동시 풍산읍 유통단지길 137,
176,농업회사법인(주)농어촌,"경상북도 안동시 태화2길 14, 1층 (태화동)",054-821-3939
177,시남농원,"경상북도 안동시 길안면 충효로 2288-3, 1층",
178,호야네애플파파농장,"경상북도 안동시 임하면 충효로 3353, 1층",
179,안동여성영농조합법인,"경상북도 안동시 경동로 516, (태화동)",054-858-7457
180,주식회사 연미당,"경상북도 안동시 평화7길 2, 1층 (평화동)",
181,한리무역,"경상북도 안동시 풍산읍 본마을길 36-38, 1층",
182,도움소,"경상북도 안동시 단원로 89, 5층 (운안동)",054-858-4458
183,단비농원,경상북도 안동시 일직면 안평일직길 433-60,
184,신재숙식초마당,"경상북도 안동시 서후면 금계2길 65-29, 1층",
185,애플구루 Apple Guru,경상북도 안동시 임동면 가느래이설길 82-74,
186,학가산 강남농원,"경상북도 안동시 목성교길 24-3, 1층 (목성동)",
187,안동농협 농산물유통센터,"경상북도 안동시 남선면 놉실로 59, 1,3동",054-8597-2469
188,(재)한국천연색소산업화센터,"경상북도 안동시 풍산읍 산업단지2길 31, 주2동 1층",054-850-0100
189,인계복지영농조합법인,"경상북도 안동시 예안면 솔골길 129, 1층",
190,정진농업회사법인주식회사,"경상북도 안동시 앙실3길 64, C,D동 (수하동)",
191,애플마루,"경상북도 안동시 서후면 귀여리길 40, 203동 B103호",054-823-3450
192,(주)웰츄럴바이오,경상북도 안동시 풍산읍 산업단지3길 17,054-975-0064
193,농업회사법인 온샘 주식회사,경상북도 안동시 풍산읍 산업단지2길 15,
194,농업회사법인 안동건씨네주식회사,"경상북도 안동시 영가로 26, A,B동 1층 6호 (동부동)",
195,어리버리농원,경상북도 안동시 일직면 경북대로 7603,
196,대산F&B,"경상북도 안동시 길안면 대사로 914-33, 2층",
197,북후산약마영농조합법인,경상북도 안동시 북후면 잣밭길 39-20,054-841-6663
198,안동곤충마을,"경상북도 안동시 와룡면 모산골길 265-18, 1동",
199,아이엠파머,"경상북도 안동시 양의골길 157-2, 1층 (이천동)",
200,농업회사법인산마을주식회사,경상북도 안동시 남후면 농공길 52-11,054-859-3963
201,안동농부이야기,경상북도 안동시 일직면 안망실길 26-2,
202,(주)후르츠마켓,경상북도 안동시 풍산읍 유통단지길 137,
203,안동종가문화원(주),"경상북도 안동시 옹정골길 119, (정상동)",
204,안동종가음식체험연구원,"경상북도 안동시 옹정골길 119, 2층 (정상동)",
205,농업회사법인블루팜(주),"경상북도 안동시 태사길 6, 1층 (삼산동)",
206,얼리그린,"경상북도 안동시 경동로 1375, 안동대학교 지역산학협력관 4층 410호 (송천동)",
207,유한책임회사 오렌지나무,"경상북도 안동시 남선면 검정길 30, 1층",
208,농업회사법인(주) 마다솜,"경상북도 안동시 남후면 남일로 1338, 1층",
209,오케이푸드,"경상북도 안동시 길주길 196, 1층 (용상동)",
210,베리앤애플팜,"경상북도 안동시 일직면 경북대로 7350, 1층",070-7781-4576
211,농업회사법인 주식회사 태율,"경상북도 안동시 북후면 산북로 878, 주건축물제1동 1층",
212,(주)제이오푸드,경상북도 안동시 일직면 풍일로 2340,
213,안동아로니아농원,"경상북도 안동시 북순환로 240, 1층 (안막동)",
214,안동생명의콩전통식품(주),"경상북도 안동시 서후면 북평로 116-16, 가동 1층",
215,일월푸디스,"경상북도 안동시 송천길 25, 1층 (송천동)",
216,안동농협더햇식품사업소,"경상북도 안동시 송천길 5, 1층 (송천동)",054-823-2008
217,아름드리농업회사,"경상북도 안동시 길안면 웃장터길 91-38, 1층",
218,다팜,"경상북도 안동시 풍산읍 상리길 125-1, 1층",
219,로즈애플 본사,"경상북도 안동시 경동로 495, 1층 (태화동)",
220,자임당,"경상북도 안동시 태화중앙로 64-1, 3층 (태화동)",
221,블루토버,"경상북도 안동시 영가로 16, 경북문화콘텐츠진흥원 5층 11호 (동부동)",
222,봉화에서온편지,"경상북도 안동시 합전길 39, 부성종합상가 가동 1층 105호 (송현동)",
223,주식회사니껴바이오농업회사법인,"경상북도 안동시 남선면 검정길 27, 다동 1층",054-859-2224
224,주식회사 핸드앤핸드,"경상북도 안동시 서후면 서선길 189, 안동과학대학교 C동 4층 보건관 창업보육센터 1408호",
225,주식회사세렌디팜,"경상북도 안동시 풍천면 천년숲서로 7-19, 609,610호",
226,바로,"경상북도 안동시 풍산읍 금당길 152-19, 주건축물제2동 1층",
227,안동종가음식유통센터,"경상북도 안동시 옹정골길 119, (정상동)",
228,구구식품,"경상북도 안동시 덕고개길 9-28, 2층 (이천동)",
229,올바른주식회사농업회사법인,"경상북도 안동시 풍산읍 죽전길 24-13, 2층",054-858-1298
230,우리누리영농조합법인,"경상북도 안동시 영가로 16, 경북문화콘텐츠진흥원 콘텐츠개발지원실 5층 (동부동)",
231,마카다프룻 농업회사법인(주),"경상북도 안동시 풍산읍 절뒤길 49, 1층",
232,대웅팜,"경상북도 안동시 임하면 충효로 3262, 1층",
233,농업회사법인주식회사 산들정,"경상북도 안동시 임하면 충효로 3353, 주1동",
234,안동김서방네,"경상북도 안동시 영남길 18, 안기우성아파트 1층 101호 (안기동)",
235,주식회사 미아팜 농업회사법인,경상북도 안동시 풍산읍 번곡길 5-3,054-821-1007
236,고담촌,"경상북도 안동시 퇴계로 219, 2층 (안막동)",
237,보눔(BONUM),"경상북도 안동시 북후면 옹천밤실길 121-12, 주2동 2층",
238,농업회사법인 굿데이 주식회사,"경상북도 안동시 풍산읍 권산정길 6-2, 2층",
239,대한자연의학연구소 농업회사법인 주식회사,"경상북도 안동시 한화3길 5, 세영종합상가 다동 1층 103호 (안기동)",
240,안동마뜰농장,"경상북도 안동시 서후면 명리옹기마길 7, 제2동",
241,주스판다,경상북도 안동시 북후면 토골길 81-5,
242,농업회사법인 안동제비원전통식품(주),경상북도 안동시 서후면 북평로 116-15,054-841-2778
243,안동물산,"경상북도 안동시 영남길 18, 안기우성아파트 102호 (안기동)",
244,첩첩산골,"경상북도 안동시 예안면 정산2길 3, 2층",
245,김성구의성마늘치킨,"경상북도 안동시 경동로 1339, (송천동)",
246,농업회사법인 안동반가 주식회사,"경상북도 안동시 북후면 옹천밤실길 121-12, 주1동",
247,미친사람들,"경상북도 안동시 마들6길 3, 지하1층 (용상동)",
248,농업회사법인 주식회사 깃들,"경상북도 안동시 영가로 6-1, 2층 (운흥동)",
249,(주)더불어사는마을,경상북도 구미시 선산읍 선상서로 264-22,
250,푸른들,"경상북도 구미시 송원서로 90, (원평동, 1층)",054-454-3033
251,(주)황토마루,"경상북도 구미시 선산읍 선상서로 264-22, (외 1필지)",054-481-4255
252,가야식품,"경상북도 구미시 인동가산로 446-17, (신동)",054-471-5601
253,(주)에스제이코레,"경상북도 구미시 고아읍 대평길 196-11, (1층)",070-4652-0320
254,비오유통,"경상북도 구미시 형곡로19길 18-6, 1층 (형곡동)",
255,주식회사바디프라임,"경상북도 구미시 인동중앙로10길 16, 2층 (인의동)",
256,자라곡마을영농조합,"경상북도 구미시 산동면 강동로 1007, 1층",
257,휘트니스트랜드,"경상북도 구미시 인동65길 42-11, 1층 (신동)",
258,구미토실굼벵이,"경상북도 구미시 고아읍 문장로22길 37, 원호한누리타운 상가9동 2층 202호",
259,주식회사청우유통,"경상북도 구미시 고아읍 선산대로 670, 1층",481-8101
260,골든벅스,"경상북도 구미시 비산로5안길 5-68, 2층 (비산동)",054-461-1565
261,주식회사진영에프엔에스,"경상북도 구미시 화신로4길 15, 1동 1층 (광평동)",
262,미다컴퍼니,"경상북도 구미시 산업로2길 44, 1층 (원평동)",
263,에프씨푸드,"경상북도 구미시 송동로 23-9, 1~2층 (도량동)",
264,제이에스푸드,"경상북도 구미시 인동28길 47-9, 2층 (진평동)",
265,여울농장,"경상북도 구미시 신비로4길 20-21, 2층 (신평동)",
266,농업회사법인주식회사다농,"경상북도 구미시 송동로 42-14, 2동 1층 (도량동)",
267,거대유통,"경상북도 구미시 도개면 도안로 115-1, 1층",
268,리빙스타,"경상북도 구미시 신시로10길 120-57, 1층 (송정동)",
269,풍기인삼농협,"경상북도 영주시 풍기읍 금계로 32, (외1필지)",
270,(주)비트로시스,"경상북도 영주시 풍기읍 죽령로1371번길 17, (외1필지 (2층))",
271,(주)소디프비앤에프,"경상북도 영주시 가흥공단로 59-96, A동 (상줄동)",
272,자연자란주식회사,"경상북도 영주시 풍기읍 소백로 2156, 165호",
273,우리동네(주),"경상북도 영주시 가흥로2번길 245, (문정동)",
274,주식회사수정,"경상북도 영주시 영주로72번길 30, (가흥동)",
275,선욱영농조합법인,경상북도 영주시 풍기읍 금계로 67,
276,애플뜰,경상북도 영주시 봉현면 소백로1000번길 2-29,
277,삼영에프앤비영농조합법인,"경상북도 영주시 선비로 135, (휴천동)",
278,풍기인삼농협유통센터,경상북도 영주시 봉현면 소백로 1809,054-636-2715
279,영주농업회사법인주식회사,"경상북도 영주시 창진로 27, (가흥동)",
280,하늘정성,경상북도 영주시 풍기읍 기주로26번길 13-7,
281,채운영농조합법인,경상북도 영주시 이산면 이산로654번길 158,
282,(주)삼농생명공학연구소,경상북도 영주시 풍기읍 소백로 2136,
283,주식회사세렌디팜,"경상북도 영주시 대학로 258-1, 3층 (가흥동)",
284,(주)네이처포스,"경상북도 영주시 신재로12번길 41-2, 2층 (가흥동)",
285,풍기특산물영농조합법인,"경상북도 영주시 풍기읍 인삼로 40, 풍기토종인삼시장 B동 3호",054-636-4114
286,굿피플농업회사법인(주),"경상북도 영주시 봉현면 소백로 1516-9, 2층",
287,영주소백산청결고춧가루,"경상북도 영주시 지천로 137-2, (가흥동)",
288,주식회사인향,"경상북도 영주시 풍기읍 죽령로 1365, 2층 227호",054-637-2777
289,박정금인삼사,"경상북도 영주시 풍기읍 기주로 10, 인삼홍삼센터 113호",
290,이안애꿀,경상북도 영주시 봉현면 신재로842번길 6,
291,(주)멕시카나 영천지점,"경상북도 영천시 금호읍 앵기길 52, (,447)",054-336-9909
292,(주)옴니허브,경상북도 영천시 임고면 운주로 267-4,054-333-1911
293,동우당제약(주)식품사업부,경상북도 영천시 임고면 운주로 267-14,
294,맥섬석 지.엠주식회사,경상북도 영천시 대창면 한제길 44,054-336-5555
295,농업회사법인 동방제유(주),"경상북도 영천시 대전길 98, (대전동)",331-6353
296,(주)청아냉동식품,"경상북도 영천시 도남공단길 94-11, (봉동,600)",054-335-6434
297,보현산청정약초영농조합법인,경상북도 영천시 임고면 맘실길 26,
298,버섯마을,"경상북도 영천시 반월길 30-8, (대전동)",
299,(주)옹가네식품,"경상북도 영천시 채신2공단길 79-29, (채신동)",054-337-9700
300,경북생약농업협동조합,"경상북도 영천시 쇠늘안길 69-13, 부3동 (도동)",054-333-8084
301,(주)진현식품,경상북도 영천시 북안면 못안길 2-54,331-3000
302,누에치는마을 영천양잠녕농조합법인,"경상북도 영천시 천문로 232, (완산동)",
303,경북친환경영농조합법인,"경상북도 영천시 천문로 692-38, (오미동)",
304,별빛농산,"경상북도 영천시 대전강변길 153, (대전동)",
305,대란농산,"경상북도 영천시 동문길 96, (문외동)",
306,(주)프레쉬벨,"경상북도 영천시 완산중앙3길 8, (완산동)",
307,(주)일농,경상북도 영천시 고경면 상계로 194,
308,주식회사골든농업회사법인,경상북도 영천시 북안면 조암길 112-1,054-333-1230
309,주식회사 자두푸드시스템,경상북도 영천시 청통면 계포1길 3-2,719-4540
310,농업회사법인 한조주식회사,"경상북도 영천시 천문로 692-38, (오미동)",054-335-1083
311,(주)퓨어마인트컴퍼니,"경상북도 영천시 안완산길 32, (완산동)",
312,훈팜,"경상북도 영천시 강남길 19, (완산동)",
313,에이데이포미,경상북도 영천시 청통면 청통로 94-12,
314,농업회사법인바다채소(주),경상북도 영천시 북안면 돈암길 237-7,
315,웰빙코리아,"경상북도 영천시 청통면 금송로 1040, B동",
316,대경팜,경상북도 영천시 화남면 신선로 213,
317,비제이푸드,경상북도 영천시 금호읍 금창로 165,
318,광명농산,"경상북도 영천시 서당길 25-75, (도남동)",
319,에스제이아로니아영농조합,경상북도 영천시 고경면 호국로 827,
320,(주)옥천당영천지점,경상북도 영천시 임고면 황강공단길 15,054-337-0788
321,농업회사법인(주)동서건강,"경상북도 영천시 본촌공단1길 1, (본촌동)",
322,주식회사 아이밀,"경상북도 영천시 금호읍 신월숲길 103, 신월새마을금고",
323,보현산제룡이곤충농장,"경상북도 영천시 완산로 16, (완산동)",054-335-1470
324,주식회사악마의레시피,"경상북도 영천시 도동구역길 113, (창고 소재지 : 도동구역길 125-33) 2층 (도동)",
325,농업회사법인(주)별앤별,"경상북도 영천시 천문로 622-13, 영천시농업기술센터 (오미동)",054-331-4402
326,전국 굼벵이 생산자 유통센터,"경상북도 영천시 천문로 324, (창구동)",
327,하명베리농원,"경상북도 영천시 강남길 20, 2층 (완산동)",
328,글리스코 코리아,"경상북도 영천시 숭렬당길 29, (교촌동)",
329,농업창조영농조합,"경상북도 영천시 금호읍 금호로 69, 1층",054-335-2020
330,떡 제이(J),"경상북도 영천시 시청로 7, (문외동)",
331,달향,경상북도 영천시 화북면 오공길 551,
332,자연애푸드,"경상북도 영천시 대전강변길 153, 주2 (대전동)",070-7716-8431
333,(주)원경,"경상북도 영천시 호국로 79, 학원 내부 2층 (야사동)",
334,(주)생초록농원,경상북도 영천시 청통면 사일로 113-31,054-3324-7171
335,조선 1654년 수민방,"경상북도 영천시 백신애길 27, (창구동)",
336,세계로푸드,경상북도 영천시 금호읍 금호제방길 78-12,054-333-7799
337,농업회사법인(주)푸드킹,경상북도 영천시 금호읍 금창로 208-3,054-331-5588
338,웰빙백과,"경상북도 영천시 청통면 금송로 1040, A동",054-338-2344
339,농업회사법인(주)내몸에약초,"경상북도 영천시 한방로 18, 영천약초시장 A동 107,117호 (도동)",054-338-4747
340,주식회사 옹가네푸드,"경상북도 영천시 채신2공단길 79-29, 일부 (채신동)",
341,담아온약초,"경상북도 영천시 호국로 74, 지하1층 (야사동)",054-338-9417
342,경북햇살농원 영농조합법인,경상북도 영천시 임고면 신선로 624,
343,농업회사법인 주식회사 두손애약초,"경상북도 영천시 천문로 752, 사무실 주1동 (오미동)",053-853-8551
344,쌍별에프엔비협동조합,"경상북도 영천시 대창면 병암길 103-6, 주4(D)동 1층 일부호",054-331-0300
345,명신,"경상북도 영천시 약전1길 18, 좌측 1호 (완산동)",
346,주식회사 담아온,"경상북도 영천시 호국로 74, 지하1층 (야사동)",
347,보강곤충농장식품,"경상북도 영천시 야사시장길 43, A동 110호 (야사동)",054-338-2368
348,좋은사람들,경상북도 상주시 함창읍 용곡로 168,054-541-3998
349,(주)케이티앤에프,경상북도 상주시 공성면 평천공단길 23,
350,상생촌,경상북도 상주시 외서면 우산로 373-14,054-532-0404
351,SJ푸드,"경상북도 상주시 남장3길 100, (남장동)",533-3114
352,주식회사 올품,"경상북도 상주시 발산로 135, (초산동)",054-533-9998
353,주식회사 문장대 천마공사,경상북도 상주시 외서면 예의3길 1,054-536-6615
354,주식회사 돌나라한농제약,경상북도 상주시 외서면 낙원동길 147,
355,중모포도영농조합법인,경상북도 상주시 모동면 중모로 258,054-533-3806
356,청화산영농조합법인,경상북도 상주시 화북면 입석1길 2,054-535-5039
357,속리산프로폴리스영농조합법인,"경상북도 상주시 개운2길 26-35, (개운동)",
358,상주원예농업협동조합,"경상북도 상주시 영남제일로 1149, (헌신동,,219-2,220-1,220-4,221-2)",054-531-2385
359,두레상주땅모임 영농조합법인,경상북도 상주시 모동면 중화로 532,054-534-7346
360,남상주농업협동조합,"경상북도 상주시 청리면 남상주로 1044, (, 892-10, 897-2, 897-3)",
361,신의터농원,경상북도 상주시 화동면 선교1길 34-14,054-533-9292
362,팔음산포도작목회,경상북도 상주시 화동면 이소3길 121,054-534-8544
363,윤지네유기농포도원,경상북도 상주시 모동면 용호4길 46-12,
364,상주명품,경상북도 상주시 화동면 이소1길 29-1,054-533-9255
365,대밭골배농원,"경상북도 상주시 북상주로 349, (부원동)",054-532-0269
366,로하스블루베리,경상북도 상주시 모동면 용호1길 50-1,
367,외서농협농산물산지유통센타,경상북도 상주시 외서면 북상주로 817,
368,상주곶감직판장,"경상북도 상주시 영남제일로 1154, (헌신동)",
369,상주오디영농조합법인,"경상북도 상주시 서곡1길 87, (서곡동)",
370,청원식품,경상북도 상주시 청리면 청리중앙로 151-2,
371,승곡체험마을,경상북도 상주시 낙동면 승곡1길 34,054-531-0154
372,승곡에코빌,경상북도 상주시 낙동면 승곡1길 34,
373,상주 유기농 아로니아 영농조합법인,경상북도 상주시 화북면 입석1길 2,054-531-3555
374,농업회사법인 주식회사 몽연,경상북도 상주시 화서면 신봉솔의길 1,
375,한농유기농건강체험촌(영농조합법인),경상북도 상주시 외서면 낙원동길 161-6,
376,어리한 농부,경상북도 상주시 낙동면 승곡1길 39,
377,속리산자연 농산,경상북도 상주시 화북면 용화로 10,
378,전통식초마을 영농조합법인,"경상북도 상주시 경상대로 2559, (가장동)",
379,농업회사법인 두레농산(주),경상북도 상주시 중동면 덕암로 364-10,
380,쉼표 영농조합법인,경상북도 상주시 공검면 비재로 1314,
381,홍화사랑,경상북도 상주시 내서면 서원1길 13,
382,농부의시간,"경상북도 상주시 신서문1길 148, (낙양동)",
383,상주유기농영농조합법인,"경상북도 상주시 아리랑로 11, (복룡동)",
384,농업회사법인시골인심,경상북도 상주시 이안면 무운로 1243,
385,건주부상주점,"경상북도 상주시 상산로 330-1, (냉림동)",
386,상주아람곶감영농조합법인,"경상북도 상주시 남성동 86번지 3호 82-28,86-16",
387,자연팜,"경상북도 상주시 영남제일로 1321, (외답동)",
388,굿파머스그룹,경상북도 상주시 청리면 청리중앙로 168,
389,농업회사법인(주)지티에프앤디,경상북도 상주시 청리면 청리중앙로 178,
390,문장대산채작목반,경상북도 상주시 내서면 영남제일로 3273-20,
391,농업회사법인 그랜파(주),"경상북도 상주시 성하1길 6, 3층 (성하동)",
392,농바라기,경상북도 상주시 모동면 중화로 453-56,
393,땅이랑농원,경상북도 상주시 낙동면 승곡1길 34,
394,농업회사법인주식회사김앤김,경상북도 상주시 화북면 서재로 30,
395,백화새마을금고,경상북도 상주시 모서면 중화로 883,054-531-2110
396,느린세상영농조합법인,경상북도 상주시 화동면 선교1길 34-14,054-533-9292
397,한라식품,경상북도 상주시 함창읍 영동길 9-15,
398,이안애영농종합법인,경상북도 상주시 이안면 호산1길 98,
399,농업회사법인 주식회사 설감,"경상북도 상주시 남성4길 29, (남성동)",
400,중원영농조합법인,경상북도 상주시 화북면 입석1길 2,054-535-2811
401,영농법인상주곶감유통사업단,경상북도 상주시 낙동면 장천로 438,
402,상주로컬푸드직매장 상주생각,"경상북도 상주시 동수4길 26, (무양동)",054-531-1675
403,상상100,경상북도 상주시 함창읍 함창중앙로 139-3,532-7002
404,비엘에프씨,경상북도 상주시 함창읍 영동길 9-67,
405,(주)이노한방,경상북도 상주시 은척면 성주봉로 155-45,
406,들마루 주식회사,"경상북도 상주시 문필로 42-5, (지천동)",054-533-9990
407,대한민국지키기협동조합,경상북도 상주시 외서면 하나동1길 9,
408,신미네유통사업단,경상북도 문경시 영순면 영순공단길 29,054-554-6660
409,흙벗농원,경상북도 문경시 산북면 대하막골길 60,552-6999
410,문경오미자밸리영농조합법인,경상북도 문경시 동로면 여우목로 2265,553-5244
411,수지누리식품,경상북도 문경시 산양면 의산길 20-6,552-2835
412,덕지골농원,경상북도 문경시 호계면 별암아랫길 11,556-3573
413,요셉농원,경상북도 문경시 문경읍 팔영길 299,571-9285
414,영강그린농업,경상북도 문경시 가은읍 작천리 25번지 1호,
415,동구밖 과수원길,경상북도 문경시 산북면 비아골안길 13,054-552-7167
416,행복농원,경상북도 문경시 문경읍 운달로 1892,054-571-1706
417,레드애플(RED apple),"경상북도 문경시 배실길 18, (공평동)",054-555-6924
418,탑마을농원,경상북도 문경시 산북면 내화탑들길 28,
419,맛깔사과농원,경상북도 문경시 산북면 운달로 116-9,
420,시묵골농원,경상북도 문경시 호계면 선암길 365-113,054-555-0045
421,선암골농원,경상북도 문경시 호계면 선암길 236-5,054-555-8876
422,천주봉사과원,경상북도 문경시 동로면 노은2길 10,
423,학사농원,경상북도 문경시 가은읍 가은로 195,
424,향빈네약돌사과,경상북도 문경시 가은읍 가은로 106-95,
425,산동농업협동조합,"경상북도 문경시 동로면 노은1길 27, (,181-22)",054-552-8042
426,농업회사법인효종원(주),"경상북도 문경시 문경읍 청운로 61, (2층)",
427,문경몰,"경상북도 문경시 호계면 대학길 63, 1층",054-553-0201
428,황가식품,"경상북도 문경시 공평로 28-1, (공평동)",
429,하늘연가,경상북도 문경시 호계면 대학길 161,
430,STX리조트 특산물 판매점,"경상북도 문경시 농암면 청화로 509, ((1층, 4층))",054-460-5228
431,(주)현미나라,경상북도 문경시 마성면 마성공단길 87,
432,미리내 관광농원,"경상북도 문경시 공평로 216, (공평동)",054-554-5151
433,문경새재과거길,"경상북도 문경시 당교로 206, (모전동)",
434,오미쉐프,"경상북도 문경시 신기1길 84-5, (신기동)",054-553-3080
435,봄이네,경상북도 문경시 문경읍 온천2길 24,
436,새재마루,"경상북도 문경시 점촌로 23, (점촌동)",054-553-2851
437,소소,경상북도 문경시 마성면 구랑로 228-11,054-571-0536
438,영농조합법인 이레애플,경상북도 문경시 산양면 산양로 17-9,054-554-2153
439,애플트리하우스영농조합법인,경상북도 문경시 문경읍 하리2길 18,
440,청정오미자푸드,"경상북도 문경시 신기로 201, (신기동)",070-8874-8795
441,청정몰,경상북도 문경시 호계면 별암아랫길 11,054-552-0023
442,어울림,경상북도 문경시 산양면 산동로 597,054-554-4333
443,농업회사법인주식회사소당,"경상북도 문경시 농암면 청화로 1119, 3층",070-4888-2706
444,문경비타민나무,"경상북도 문경시 운동장로 55, (모전동)",
445,아이엠오미자,경상북도 문경시 동로면 평지길 96-5,054-553-8063
446,문경새재엿,경상북도 문경시 마성면 동성길 54,054-571-5535
447,농업회사법인 지오티,경상북도 문경시 동로면 생달리 438번지 2호,054-552-5288
448,금실이네농원,경상북도 문경시 농암면 연천1길 1-1,
449,명성문경오미자,"경상북도 문경시 장승백이3길 33, (공평동)",
450,해피메이킹,경상북도 문경시 동로면 평지길 75-8,
451,루트케어,경상북도 문경시 동로면 여우목로 2787-1,
452,성주골농원,경상북도 문경시 문경읍 당포길 128-5,
453,문경운달농장,경상북도 문경시 산북면 가좌길 17-14,054-556-0182
454,큰들농업회사법인주식회사,경상북도 문경시 동로면 벌재장터길 1,
455,건주부,"경상북도 문경시 중앙로 117-17, (점촌동)",054-553-3467
456,와이즈팜 농산물가공센터,경상북도 문경시 호계면 선암길 341,
457,오미인omiin,경상북도 문경시 동로면 약사정길 7-12,
458,문경알뜨랑농원,경상북도 문경시 마성면 외어7길 9,054-571-9775
459,성수농원,경상북도 문경시 문경읍 갈산길 46,054-571-1992
460,농업회사법인 싱그람주식회사,경상북도 문경시 영순면 영순공단길 15,
461,문경의 봄봄,경상북도 문경시 동로면 노은2길 4-1,
462,가가표고라,경상북도 문경시 가은읍 가은5길 7,054-571-5431
463,효담정,경상북도 문경시 가은읍 중괴안길 34,054-571-5148
464,문경칠봉산농원,경상북도 문경시 농암면 갈동길 353,054-572-6554
465,해가빛농원,경상북도 문경시 문경읍 문경골프장길 53,070-4154-5712
466,정사과,경상북도 문경시 마성면 남호2길 147,
467,농업회사법인 주식회사 상하식품,경상북도 문경시 가은읍 가은공단길 88,054-572-2266
468,드림로컬푸드협동조합,"경상북도 문경시 시청1길 32, (모전동)",054-552-0020
469,(주)해그린,경상북도 문경시 산양면 산양공단1길 19-53,054-556-7779
470,정가네행복농원,"경상북도 문경시 농암면 청암2길 12-1, 2층",
471,애플그린,"경상북도 문경시 중앙10길 12, 3층 (점촌동)",
472,(주)네츄럴푸드코리아,"경상북도 문경시 호계면 대학길 161, 3층 318호 (문경대학교 창업보육센터)",070-4623-8754
473,젊은농사꾼,"경상북도 문경시 윤직동1길 33-43, (윤직동)",
474,연지원농원,경상북도 문경시 농암면 청암2길 19-2,054-571-3007
475,오아식스(OASIX),경상북도 문경시 문경읍 문희로 18,
476,문경중리아로니아,경상북도 문경시 가은읍 대야로 2416,
477,푸른솔표고농원,경상북도 문경시 호계면 대학길 63,054-571-0502
478,리틀스푼,"경상북도 문경시 호계면 대학길 161, 문경대학 창업보육센터 305호",
479,문경마켓 찬미네농원,경상북도 문경시 문경읍 여우목로 520,054-571-7118
480,애플,경상북도 문경시 문경읍 하푸실길 1,054-571-1988
481,두루존 영농조합법인,"경상북도 문경시 동로면 금천로 2223, 사무실",
482,문경백설공주영농조합법인,경상북도 문경시 호계면 선암길 341,
483,해담은,경상북도 문경시 동로면 금천로 2458,
484,진수네사과,경상북도 문경시 문경읍 한골길 18,
485,더숲,경상북도 문경시 농암면 청화로 1130,
486,사과창꼬,경상북도 문경시 문경읍 지곡리 291번지 2호,
487,구수하니,경상북도 문경시 산양면 경서로 523-31,
488,농업회사법인(주)오미원,"경상북도 문경시 당교5길 7, 1층 (모전동)",
489,일리사과,경상북도 문경시 마성면 남호2길 27,
490,자연담을농부,경상북도 문경시 문경읍 오서길 111-3,
491,휴롬농원,경상북도 문경시 농암면 농암길 68,054-572-3076
492,농업회사법인 에프엔디큐웰(주),경상북도 문경시 가은읍 가은공단길 25,054-572-1400
493,문경자연산다슬기/벌꿀,경상북도 문경시 점촌동 159번지 72호,
494,(주)리플레이스,경상북도 문경시 산양면 현리3길 9,
495,레드파인코리아,경상북도 문경시 마성면 늘목1길 11-24,
496,홈포트,"경상북도 문경시 당교7길 10, 센스빌 (모전동)",
497,동동푸드,경상북도 문경시 산양면 산양공단1길 19-53,
498,농업회사법인(주)더가득,경상북도 문경시 가은읍 성유신기길 138,
499,문경시 산림조합,"경상북도 문경시 매봉1길 67, 문경시산림조합,임산물유통센터 (모전동)",054-556-2626
500,문경사오미팜,경상북도 문경시 동로면 금천로 2365,
501,그린벨,경상북도 문경시 문경읍 새재로 609,054-572-0601
502,매일유업(주)경산공장,경상북도 경산시 진량읍 대학로 1090,
503,(주)도들샘,경상북도 경산시 진량읍 대학로 1423-10,053-852-4351
504,무림농산,경상북도 경산시 압량읍 해오름길 118,816-7012
505,뚝배기식품,경상북도 경산시 와촌면 불굴사길 55,
506,대구한의대학교,"경상북도 경산시 한의대로 1, (유곡동)",
507,니나버섯푸드영농조합법인,"경상북도 경산시 화랑로 160, (갑제동)",053-817-5190
508,(주)초록원,경상북도 경산시 진량읍 평사1길 45-15,053-852-3000
509,정화식품,"경상북도 경산시 대학로13길 90, (정평동)",
510,o&p food(오앤피푸드),"경상북도 경산시 와촌면 갓바위로 95, ((2층))",053-853-2723
511,대성식품,경상북도 경산시 와촌면 박사강변로 185-25,853-3691
512,에스엠푸드(주),경상북도 경산시 남천면 협석1길 24-1,
513,압량농업협동조합,"경상북도 경산시 압량읍 대학로75길 1, 2층",
514,(주)맛탐,"경상북도 경산시 진량읍 두인길 26, ((2층))",
515,(주)고추나라,경상북도 경산시 용성면 서원천로 288-13,851-0740
516,자인농협전통메주장류가공공장,경상북도 경산시 자인면 일연로 304,053-857-8841
517,에덴식품,"경상북도 경산시 성암로5길 22-10, (옥산동)",
518,다온에프엔에스,경상북도 경산시 남천면 신석길 65-5,053-817-6009
519,농업회사법인 대흥(주),경상북도 경산시 진량읍 대부길 180,811-5158
520,가나골친환경체험농장,경상북도 경산시 용성면 고죽1길 145,053-853-6994
521,고려에프디,경상북도 경산시 진량읍 평사1길 45-15,
522,(주)대한상사,"경상북도 경산시 삼성현로37길 7, (사정동)",
523,지원푸드,"경상북도 경산시 원효로28길 5-1, (계양동)",053-817-8542
524,전국식자재유통협동조합,"경상북도 경산시 대학로 67, 2층 (정평동)",
525,주식회사 로로스키니,경상북도 경산시 남천면 남천로 273-15,
526,우리농산,"경상북도 경산시 진량읍 보인길 21, 2층",
527,민트식품,"경상북도 경산시 박물관로1길 4-7, 2층 (사동)",
528,자연애담,"경상북도 경산시 성암로12길 40-12, (옥산동)",
529,주식회사 오가닉스포라이프,"경상북도 경산시 경산로7길 4-12, 2층 (옥곡동)",
530,(주)레스,"경상북도 경산시 박물관로1길 4-7, 2층 (사동)",
531,울릉허브,경상북도 경산시 남천면 삼성역길 69,
532,(주)경일식품,경상북도 경산시 자인면 자인공단로 45,
533,도덕농원푸드,경상북도 경산시 자인면 금학로 8-7,
534,(주)케이엘지,"경상북도 경산시 자인면 교촌길 40, (서광금잔디맨션)",053-818-1114
535,태경,경상북도 경산시 남산면 설총로 141-11,
536,해피하우스,"경상북도 경산시 삼풍로 27, 경북테크노파크 글로벌벤처동 3층 301호 (삼풍동)",
537,농업회사법인(주)한반도,경상북도 경산시 진량읍 가야로66길 11,
538,아틀리에빈(주),"경상북도 경산시 옥산로 219, 펜타힐즈서한이다음 111동 지1층 B02호 (중산동)",
539,(주)케이67바이오,"경상북도 경산시 옥산로 49, 경산역풀리비에 104동 104-1호 (사정동)",
540,윤상철그리포란,경상북도 경산시 와촌면 갓바위로 327,
541,농업회사법인 성암인섹트(주),"경상북도 경산시 남매로 59, A동 (삼남동)",
542,스트로아일랜드,"경상북도 경산시 중앙초등길 51, (중방동)",
543,(주)경한,"경상북도 경산시 진량읍 공단5로30길 47, 1층",
544,가감푸드,"경상북도 경산시 성암로3길 24, (옥산동)",
545,농업법인(주)참풍경,"경상북도 경산시 경안로67길 14-3, (대평동)",
546,(주)대경유통/써니마트,"경상북도 경산시 압량읍 압독1로 13, F동",
547,퐁당(PONG DANG),"경상북도 경산시 삼풍로 27, 경북테크노파크 글로벌벤처동 3층 303호 (삼풍동)",
548,농부의농장,"경상북도 경산시 삼풍로 27, 경북테크노파크 글로벌벤처동 3층 303호 (삼풍동)",
549,성기호전통발효연구소,"경상북도 경산시 자인면 원효로 757-7, 2층",
550,홈바이오,경상북도 경산시 하양읍 대경로105길 6-12,
551,해맑은,"경상북도 경산시 하양읍 가마실길 50, 경일대 R&DB센터 406호",
552,한결농원,"경상북도 경산시 하양읍 하양로 13-13, 대구가톨릭대학교 산학협력단 B106호",
553,나는엄마,"경상북도 경산시 진량읍 대구대로 230, B동",
554,대구경북능금농협음료가공공장,경상북도 군위군 의흥면 동부로 935-14,
555,주식회사 예담 농업회사법인,경상북도 군위군 효령면 용매로 978,
556,(주)티시그린,경상북도 군위군 부계면 치산효령로 1174,053-589-1276
557,(주)미본,경상북도 군위군 군위읍 군청로 332,054-382-3555
558,배가네 농장,경상북도 군위군 군위읍 군위금성로 530-174,
559,의성홍화주식회사,경상북도 의성군 의성읍 용연1길 45,054-834-5050
560,청아띠농업회사법인 주식회사,경상북도 의성군 봉양면 농공마전길 32-13,054-834-9334
561,의성흑마늘영농조합법인,경상북도 의성군 의성읍 잔보들길 22,054-834-7702
562,(주)메나리,경상북도 의성군 의성읍 용연1길 37,
563,동남제약 F&B,경상북도 의성군 다인면 가원농공길 46-8,
564,의성농업협동조합,경상북도 의성군 의성읍 중앙길 6,054-834-5547
565,의성천년초,경상북도 의성군 비안면 이자길 24-8,
566,새의성농업협동조합,경상북도 의성군 점곡면 점곡길 63,054-833-4280
567,가을빛고운전통식품영농조합법인,경상북도 의성군 의성읍 경북대로 5690-36,054-833-1300
568,삼오종합식품(주),경상북도 의성군 금성면 군위금성로 1196,054-834-1900
569,의성아로니아,경상북도 의성군 봉양면 도리원1길 68,
570,의성대표벌꿀농원,경상북도 의성군 의성읍 후죽3길 4,
571,하름,경상북도 의성군 춘산면 사미신감로 332,
572,보스턴컴퍼니,경상북도 의성군 봉양면 도리원1길 35,
573,청녹 헬스 푸드,경상북도 의성군 금성면 동부로 2467,
574,(주)농뜨락 농업회사법인,경상북도 의성군 봉양면 도리원1길 35,
575,고운잎 사과,경상북도 의성군 금성면 탑리길 47,
576,농업회사법인 리얼프레쉬(주),경상북도 의성군 옥산면 신감옥산로 1188,
577,영농조합법인 푸루른,경상북도 의성군 비안면 이자길 24-16,
578,농업회사법인 주식회사 젠틀파머스,"경상북도 의성군 의성읍 중앙길 61, 3층",
579,농업회사법인 주식회사 한톨,"경상북도 의성군 의성읍 중앙길 61, 1층",
580,농업회사법인(주)이슬마루,경상북도 의성군 옥산면 금봉로 258,
581,청운식품,경상북도 의성군 의성읍 문소2길 20,
582,영농조합법인한국맥꾸룸,경상북도 청송군 파천면 중평병부길 167-26,
583,청송농업협동조합,경상북도 청송군 청송읍 중앙로 240,054-872-7031
584,청송농산,경상북도 청송군 부남면 감연리 830번지,
585,푸른초장농원,경상북도 청송군 현동면 원창양길 61,
586,구암푸드,경상북도 청송군 부남면 얼음골로 340-65,
587,한우리영농조합법인,경상북도 청송군 진보면 경동로 4296,054-872-4430
588,청송기능성사과영농조합법인,경상북도 청송군 파천면 신기옹점길 88,
589,청송아로니아,경상북도 청송군 부남면 대전로 136,
590,농업회사법인 주식회사 해븐리맘,경상북도 청송군 청송읍 중앙로 476,
591,해빛찬김치,경상북도 청송군 현서면 청송로 1538,054-873-5704
592,생생농업유통,경상북도 청송군 진보면 진보부곡길 17,
593,청송사과불티농장,경상북도 청송군 안덕면 원복길 33-7,
594,CLEAN청송사과즙,경상북도 청송군 현동면 새마을로 5453,
595,오마케팅,경상북도 청송군 현서면 구산북로 59,
596,청송에이스팜협동조합,경상북도 청송군 현서면 구산북로 59,
597,Apple 파머스,경상북도 청송군 안덕면 웃김지길 9,
598,청송군농협조합공동사업법인,경상북도 청송군 안덕면 성덕댐로 1737,
599,씨에스청송,"경상북도 청송군 현동면 새마을로 5412, 2층",
600,농업회사법인 털보네,경상북도 청송군 안덕면 성덕댐로 1685,
601,청양농업회사법인,경상북도 청송군 파천면 신기옹점길 88,
602,청사알,경상북도 청송군 청송읍 금월로 191,
603,청송해뜨는농장,경상북도 청송군 현동면 안현로 1011,
604,청송필농원,경상북도 청송군 주왕산면 마평로 265,
605,참꾸지뽕힐리농원,경상북도 청송군 현동면 새마을로 5453,
606,한아름햇살농원,경상북도 청송군 부남면 대전로 128-1,
607,단디농원,경상북도 청송군 진보면 진보로 264,
608,들꽃바랑아토,경상북도 청송군 주왕산면 당마을길 8,
609,농업회사법인 주식회사 청년연구소,경상북도 청송군 청송읍 중앙로 783,
610,청송그리심농원,경상북도 청송군 진보면 청송로 6217,054-872-5770
611,청송반딧불농장,경상북도 청송군 주왕산면 주왕산로 448,
612,청송꽃차이야기 솔채,경상북도 청송군 주왕산면 교하로 370,
613,청송농부,경상북도 청송군 주왕산면 주왕산로 547-8,
614,(주)공생,경상북도 청송군 주왕산면 이전뒷길 3,
615,청송팜영농조합법인,경상북도 청송군 현동면 개일월매길 301-18,
616,농업회사법인(주)남경,경상북도 청송군 부남면 대전로 150,
617,청송꿀사과 오두메농장,경상북도 청송군 현동면 도평1길 27,
618,양지말 파란지붕 상하네농장,경상북도 청송군 진보면 양지길 43,
619,싱싱참조은,경상북도 청송군 현서면 구덕길 12-5,
620,자연명작,"경상북도 청송군 부남면 얼음골로 575, 2층",
621,청송친환경영농조합법인,경상북도 청송군 청송읍 주왕산로 266,054-874-7116
622,주왕산가든 농장,경상북도 청송군 주왕산면 주왕산로 508-9,
623,청송사과유통센터,경상북도 청송군 주왕산면 주왕산로 448,054-874-4040
624,더푸른소나무,경상북도 청송군 청송읍 월막8길 2-1,
625,한길농장,경상북도 청송군 현서면 구산북로 59,
626,무진청년회,경상북도 영양군 청기면 무진리 287번지 2호,054-682-7340
627,홈다리농장,경상북도 영양군 영양읍 화무로 1568-8,054-683-3070
628,삼형제 농장,경상북도 영양군 청기면 재일로 1339-12,
629,영양고추,경상북도 영양군 청기면 기포길 27-5,054-682-7363
630,고은태양초마을,경상북도 영양군 영양읍 중앙로 163-1,054-682-0291
631,영양군농업경영인유통사업단,경상북도 영양군 입암면 신구리 464번지 5호,054-683-0111
632,우리농산물,경상북도 영양군 청기면 저리 238번지 1호,
633,영양고추유통공사,경상북도 영양군 일월면 재일로 2050,054-680-9000
634,영양우리식품,경상북도 영양군 청기면 청기로 579,
635,(주)네이처셀 발효식품연구소,경상북도 영양군 일월면 주실1길 64,070-7019-6876
636,산해리농장,경상북도 영양군 입암면 입암로 46-7,
637,영양복지재단 영양식품,경상북도 영양군 석보면 원리길 12-1,054-682-7700
638,영양군농촌지도자회영농조합법인,경상북도 영양군 영양읍 황용길 115,
639,영양이시돌영농조합법인,경상북도 영양군 영양읍 중앙로 91,
640,남영양농업협동조합,경상북도 영양군 입암면 영양로 230,054-682-4601
641,맛드림농원,경상북도 영양군 청기면 팔수로 12-19,
642,주찬이네농장,경상북도 영양군 영양읍 영양로 1175-10,
643,토종명품화사업단,"경상북도 영양군 영양읍 동서대로 58, 토종명품화사업단 3층",054-0683-8853
644,영양아로니아농장,경상북도 영양군 석보면 압수길 281,
645,와이비바이오(주),경상북도 영덕군 강구면 오포길 189-16,054-734-5778
646,고든통상(주)영덕공장,경상북도 영덕군 영덕읍 신공업단지길 56,
647,(주)세웅수산,경상북도 영덕군 강구면 강영로 84,054-732-8131
648,한빛농장,경상북도 영덕군 영해면 예주8길 18,
649,정희푸드,경상북도 영덕군 축산면 축산항2길 53,054-734-5250
650,주식회사 더동쪽바다가는길,경상북도 영덕군 강구면 금호샛길 115-10,
651,영덕군 유용곤충영농조합법인,경상북도 영덕군 영덕읍 도매샛길 41-8,
652,성진홀푸드 유통전문판매업,경상북도 영덕군 강구면 금호샛길 115-23,
653,(주)다오넥스,경상북도 영덕군 강구면 번영길 29,054-732-7914
654,영덕군장애인보호작업장,경상북도 영덕군 강구면 강영로 191,054-734-2143
655,유진택,경상북도 청도군 풍각면 봉기1길 32-7,053-373-3131
656,감초롱상사,경상북도 청도군 풍각면 봉기로 150,054-373-5320
657,한재미나리영농조합법인,경상북도 청도군 청도읍 평양길 5,054-371-5597
658,천우식품제조장,경상북도 청도군 풍각면 봉기1길 32-7,054-373-3135
659,농업회사법인주식회사 네이처팜,경상북도 청도군 화양읍 학산토평길 257-18,
660,농업회사법인(주) 아임푸드,경상북도 청도군 화양읍 합천길 41-40,054-373-1153
661,하늘샘농업회법인(주),경상북도 청도군 화양읍 학산토평길 275,
662,농업회사법인(주)한길웰바이오,경상북도 청도군 청도읍 월곡2길 35,
663,농업회사법인주식회사다웰,경상북도 청도군 금천면 명포길 112-158,
664,세인푸드농업회사법인(주),경상북도 청도군 금천면 명포길 112-158,
665,농업회사법인(주)이루다21,경상북도 청도군 각남면 녹갈1길 42-97,054-373-8865
666,농업회사법인 그린합명회사,경상북도 청도군 이서면 학산1길 95,054-371-6333
667,더미소,경상북도 청도군 화양읍 진라2길 11,
668,잭과 사과나무,경상북도 청도군 화양읍 도주관로 190,
669,월드바이오,경상북도 청도군 각남면 일곡길 7,
670,산나래,경상북도 청도군 이서면 학산1길 83,
671,어머니 수제차,경상북도 청도군 각남면 각남로 321,
672,청도곤충나라,경상북도 청도군 각북면 낙산길 294,
673,농업회사법인(주)청도원감,경상북도 청도군 청도읍 새마을로 574,372-0940
674,갈릴리농원,경상북도 청도군 풍각면 월봉길 331-10,
675,팜앤푸드 농업회사법인주식회사,경상북도 청도군 청도읍 팔치길 80-12,
676,햇살아로니아농장,경상북도 청도군 각북면 뚝향길 12-6,054-372-7325
677,(주)셀푸드인터내셔널,경상북도 청도군 청도읍 월곡2길 35,054-371-0015
678,무성농원,경상북도 청도군 각북면 낙산길 294,
679,일혁식품,경상북도 고령군 다산면 나선로 412,054-956-1667
680,(주)해도지,경상북도 고령군 성산면 성산로 806,529-5037
681,다산어성초,"경상북도 고령군 다산면 호촌길 50-2, 2층",054-955-9912
682,대가야식품,경상북도 고령군 성산면 성암로 184,053-314-2277
683,(주)경북농민축산육가공공장,경상북도 고령군 다산면 평리1길 28,053-639-2510
684,휴브릿,경상북도 고령군 대가야읍 회천로 306,
685,(주)산들,경상북도 고령군 다산면 좌학길 57,054-956-9970
686,알알이식품,경상북도 고령군 개진면 구곡1길 20,054-954-8264
687,자연에 답 힐링농원,"경상북도 고령군 다산면 상곡2길 3, 1층",632-1129
688,고령토종복분자영농조합법인,경상북도 고령군 우곡면 봉산2길 19,
689,(주)주명,경상북도 고령군 성산면 상용로 271,070-8236-6167
690,미래농산,경상북도 고령군 개진면 창동길 4,054-954-0559
691,팜그린,경상북도 고령군 쌍림면 산주길 52-56,054-956-7514
692,서울푸드몰,경상북도 고령군 다산면 다산중앙길 113,
693,농업회사법인 주식회사 청매푸룻(자연마을),경상북도 고령군 성산면 지경길 15,
694,하니베,경상북도 고령군 대가야읍 왕릉로 78-1,
695,대양제면,경상북도 성주군 월항면 월항농공단지1길 33,054-931-6374
696,가야농산,경상북도 성주군 수륜면 동강한강로 355,054-933-0960
697,23살농부,경상북도 성주군 수륜면 남작로3길 99,054-931-3666
698,취운향당,경상북도 성주군 선남면 도성3길 106,054-933-6371
699,복만네식품,"경상북도 성주군 선남면 선남농공단지길 22, 복만네 식품",
700,가야아로니아,경상북도 성주군 수륜면 참별로 518-18,054-931-4933
701,농업회사법인(주)참사랑,경상북도 성주군 용암면 덕평로 116,054-931-5429
702,독산농원,경상북도 성주군 가천면 신계리 1025번지,054-932-5760
703,블루베리가야산,경상북도 성주군 가천면 동신로 168-10,
704,울림농원,경상북도 성주군 가천면 창천2길 17-9,
705,가야산벼리농원,경상북도 성주군 가천면 마수1길 20-6,
706,농업회사법인 정담아(주),경상북도 성주군 월항면 수죽1길 54,054-933-9940
707,이상구표고농장,경상북도 성주군 용암면 대송로 721,
708,천수누리,경상북도 성주군 선남면 오도1길 8,
709,아소재,경상북도 성주군 수륜면 성주가야산로 842-1,
710,집안명가,경상북도 성주군 금수면 성주로 1885,931-2710
711,작은별농원,경상북도 성주군 성주읍 시장2길 2,
712,농업회사법인주식회사웃음가득찬별동네빵야,경상북도 성주군 성주읍 심산로 60,
713,우봉진의버섯세상,경상북도 성주군 성주읍 성주읍4길 8,
714,돌이농장,경상북도 성주군 성주읍 성주읍1길 19-1,054-932-9534
715,꿈드림꽃벵이,경상북도 성주군 월항면 도원1길 21-15,
716,아빠의천년초,경상북도 성주군 용암면 상언3길 12,
717,천지인농부,경상북도 성주군 초전면 어인로 109-1,054-933-9833
718,울림나무,"경상북도 성주군 금수면 성주로 1886, 금수면농업경영인농특산물판매장",054-931-0016
719,진미식품(주),"경상북도 칠곡군 왜관읍 삼청6길 60, 1,3층",
720,경북과학대학식품공장,경상북도 칠곡군 기산면 지산로 520,054-972-9721
721,교촌에프앤비(주),경상북도 칠곡군 가산면 송신로 78,054-971-9995
722,(주)평해식품,경상북도 칠곡군 지천면 신동서원길 12,054-971-6865
723,산수원,경상북도 칠곡군 가산면 유학로 957,
724,성민유통,경상북도 칠곡군 지천면 신동로2길 58,054-976-7732
725,장안김치,경상북도 칠곡군 지천면 창평로 90-6,592-5600
726,성화식품,경상북도 칠곡군 약목면 관호7길 12-12,054-973-1316
727,안상규벌꿀,경상북도 칠곡군 동명면 경북대로 719-7,054-976-9898
728,한우물식품,"경상북도 칠곡군 북삼읍 강진2길 83, 가, 다동",
729,(주)샘초롱,경상북도 칠곡군 지천면 상납2길 13,
730,처갓집양념치킨,경상북도 칠곡군 왜관읍 금남3길 70,
731,농업회사법인 (주)웰빙마을,"경상북도 칠곡군 기산면 지산로 634, 11동 306호 (경북과학대학(산업협력관))",070-7711-8585
732,제이에이치푸드,경상북도 칠곡군 지천면 연화2길 24,
733,주식회사 네이처셀 칠곡공장,경상북도 칠곡군 기산면 기산공단1길 21,054-971-0851
734,농업회사법인 행화촌주식회사,경상북도 칠곡군 지천면 지천로 798-9,
735,주식회사 슈퍼푸드 에프엔비,경상북도 칠곡군 석적읍 중지3길 48-27,
736,(주)샘초롱농업회사법인,경상북도 칠곡군 왜관읍 공단로12길 30,054-973-1420
737,델리얀주식회사,경상북도 칠곡군 지천면 금호로1길 66-6,
738,(주)푸디스토리,경상북도 칠곡군 지천면 신동로5길 24,
739,한솔영농조합법인,경상북도 칠곡군 왜관읍 아곡5길 95-3,054-971-0500
740,(주)미실,경상북도 칠곡군 지천면 신동로7길 66-6,053-314-8151
741,농업회사법인(주)아침빛바다,경상북도 칠곡군 지천면 창평로 222,054-971-3364
742,(주)핫토리,"경상북도 칠곡군 지천면 창평로 158, 1동",
743,카멜리아,경상북도 칠곡군 지천면 신동로3길 9-1,
744,(주)소울푸드,경상북도 칠곡군 지천면 칠곡대로 2233-45,053-311-1980
745,호이팜영농조합법인,경상북도 칠곡군 약목면 칠곡대로 878-7,054-974-8718
746,리로라(LEELORA),"경상북도 칠곡군 약목면 약목로 78, E동",070-4177-0512
747,알앤알코리아,경상북도 칠곡군 북삼읍 복성17길 20,
748,농업회사법인(주)형제,경상북도 칠곡군 석적읍 석적로 361-46,054-975-5335
749,칠칠곡곡협동조합,경상북도 칠곡군 약목면 동덕로 146,
750,장인식품,경상북도 칠곡군 지천면 창평로 98,053-295-3705
751,하늘나리,경상북도 칠곡군 지천면 창평로 90,
752,도원종합식품,경상북도 칠곡군 지천면 상납1길 14-11,
753,헤파스,경상북도 칠곡군 약목면 복성15길 51,
754,맛좋은떡실신,경상북도 칠곡군 석적읍 서중리3길 7-6,
755,청춘에프앤비,경상북도 칠곡군 지천면 상납2길 11,
756,햇살꽃굼벵이,경상북도 칠곡군 석적읍 성곡2길 107,
757,행복더하기,"경상북도 칠곡군 동명면 금암2길 3, 1층",
758,농업회사법인(주)솔바로,"경상북도 칠곡군 지천면 신동로6길 11, 1층",054-971-1751
759,주식회사포유,경상북도 칠곡군 지천면 금호로 172-5,
760,엄지영지버섯,경상북도 칠곡군 석적읍 석적로 152,
761,하루에,경상북도 칠곡군 지천면 금호불동2길 11-3,
762,(주)정글아트케이(정글아트k),"경상북도 칠곡군 북삼읍 칠곡대로 354-5, 1동",
763,다본향,경상북도 칠곡군 동명면 백송로 825-1,
764,항아리푸드,"경상북도 칠곡군 지천면 창평로 106-5, 가동",
765,대학촌 웰라이프,경상북도 칠곡군 가산면 인동가산로 1009-23,054-975-7040
766,오성농원,경상북도 칠곡군 북삼읍 숭산로 62,
767,(주)의정코퍼레이션,경상북도 칠곡군 왜관읍 아곡5길 84-19,
768,푸드앤터,경상북도 칠곡군 동명면 봉암7길 71-1,
769,(주)이슬나라,경상북도 칠곡군 동명면 동명팔거천3길 11,053-422-0373
770,퐁실콩푸드,경상북도 칠곡군 북삼읍 북삼로 5,
771,남문에스앤에프,경상북도 칠곡군 지천면 이언길 2,
772,꿀벌나라사회적협동조합,경상북도 칠곡군 기산면 주산로 1139,
773,(주)홍담원농업회사법인,경상북도 칠곡군 지천면 금호로 148-88,054-974-2370
774,주식회사인향,경상북도 칠곡군 왜관읍 군청2길 1,054-637-2777
775,예천농협농산물유통사업소,경상북도 예천군 예천읍 역전길 16,054-654-0976
776,농업회사법인 주식회사 예천청결고추,경상북도 예천군 용문면 유용로 803,
777,생명의공동체 소비자생활협동조합,경상북도 예천군 개포면 신음리길 27-1,
778,초산정,경상북도 예천군 용궁면 송암길 27-3,
779,예천국사봉천마,경상북도 예천군 용문면 우망골길 108,
780,은풍골단샘사과,경상북도 예천군 예천읍 군청길 39-3,
781,튤립인터내셔널(주),"경상북도 예천군 보문면 산단길 13-3, 튤립인터내셔널(주)",
782,(주)뚜또,경상북도 예천군 예천읍 농공단지길 43,054-654-0013
783,백두된장전통식품,경상북도 예천군 보문면 보문로 654,
784,다향삼채농원,경상북도 예천군 용문면 용문사길 285,
785,농업회사법인 프롬썬 주식회사,"경상북도 예천군 보문면 산단길 80, 농업회사법인프롬썬(주)",054-853-9997
786,예천아로니아협동조합,경상북도 예천군 예천읍 중앙로 36,
787,영농조합법인학가산꾸지뽕,경상북도 예천군 보문면 미호길 123-1,
788,우망리 와송,경상북도 예천군 지보면 지보로 124,
789,오일장 영농조합법인,경상북도 예천군 예천읍 충효로 67,652-5682
790,(주)신생활식품,경상북도 예천군 호명면 양궁로 657,652-0008
791,한솔사과농장,경상북도 예천군 은풍면 은풍로 394-6,
792,(주)한국 한어당,경상북도 예천군 보문면 미호길 123-1,054-654-2345
793,김덕주약용도라지,경상북도 예천군 지보면 지보로 167-3,
794,민아네 농원,경상북도 예천군 예천읍 충효로 293,
795,농업회사법인주식회사 예천곤충사업단,경상북도 예천군 풍양면 낙상1길 91-1,054-653-8998
796,대박이네 농장,"경상북도 예천군 은풍면 은풍로 93-4, 대성슈퍼",
797,양효당,경상북도 예천군 예천읍 효자로 53-1,
798,마음담아농산,경상북도 예천군 예천읍 상설시장1길 11,
799,농업회사법인(주)케이푸드바이오,"경상북도 예천군 호명면 새움3로 26, 에비뉴타워 205호",
800,경상도 김실네,경상북도 예천군 보문면 미호길 59,
801,농업회사법인(주)우리들,경상북도 예천군 감천면 복골길 38-4,054-652-7170
802,선우약찬,"경상북도 예천군 풍양면 삼강로 633-21, 가동",
803,삼육식품,경상북도 봉화군 봉화읍 1농공단지길 44,054-679-3610
804,봉화산삼연구소,경상북도 봉화군 소천면 시동길 183-156,054-673-1973
805,봉화산도라지,경상북도 봉화군 소천면 여우천길 187-77,
806,영농조합법인 전통명가발우,경상북도 봉화군 춘양면 남산편1길 18-138,054-672-2869
807,약초를 사랑한 짱아줌마,경상북도 봉화군 상운면 하눌로 12-70,
808,봉화청정오미자농원,경상북도 봉화군 봉화읍 번지실길 102-96,054-673-7510
809,봉화곤충호텔 농업회사법인(주),경상북도 봉화군 법전면 풍정길 248,
810,오목구비 사과농원,"경상북도 봉화군 소천면 풍애길 9-44, 따뜻한뿌리 영농조합법인",
811,농업회사법인(주)한농,경상북도 울진군 금강송면 왕피길 35,054-783-7156
812,보경상사,경상북도 울진군 울진읍 향교로 40-1,054-782-6594
813,하늘마음농장,경상북도 울진군 금강송면 쌍전2길 296-15,054-783-3326
814,왕돌수산,"경상북도 울진군 죽변면 죽변항길 173, 왕돌회센터",054-781-4774
815,덕운수산(주),경상북도 울진군 평해읍 박실길 37,054-787-0655
816,(주)마린어드벤처,경상북도 울진군 죽변면 죽변항길 173,054-781-4774
817,자연가,경상북도 울진군 금강송면 한내길 317,054-536-7125
818,성류농원,경상북도 울진군 울진읍 울진중앙로 41-5,
819,김창기 머쉬룸 팜,경상북도 울진군 북면 섶실길 72-35,054-782-6631
820,우진바이오,경상북도 울진군 죽변면 해양과학길 22,
821,대게김,"경상북도 울진군 죽변면 해양과학길 22, 경북해양바이오산업연구원 312호",054-781-1112
822,(주)나리애프앤비,경상북도 울릉군 서면 남서길 75-29,791-4787
823,울릉웰빙식품,경상북도 울릉군 서면 울릉순환로 1594,791-0420
824,로하스 울릉유통,경상북도 울릉군 울릉읍 울릉순환로 213,
825,울릉농업협동조합,경상북도 울릉군 울릉읍 도동3길 36,791-6361
826,울릉군산림조합,"경상북도 울릉군 울릉읍 봉래길 250, 울릉군산림조합",054-791-2550
